<?xml version='1.0' encoding='utf-8' ?>
<resources>
    <string name="abc_action_bar_home_description">Navigate home</string>
    <string name="abc_action_bar_up_description">Navigate up</string>
    <string name="abc_action_menu_overflow_description">More options</string>
    <string name="abc_action_mode_done">Done</string>
    <string name="abc_activity_chooser_view_see_all">See all</string>
    <string name="abc_activitychooserview_choose_application">Choose an app</string>
    <string name="abc_capital_off">OFF</string>
    <string name="abc_capital_on">ON</string>
    <string name="abc_menu_alt_shortcut_label">Alt+</string>
    <string name="abc_menu_ctrl_shortcut_label">Ctrl+</string>
    <string name="abc_menu_delete_shortcut_label">delete</string>
    <string name="abc_menu_enter_shortcut_label">enter</string>
    <string name="abc_menu_function_shortcut_label">Function+</string>
    <string name="abc_menu_meta_shortcut_label">Meta+</string>
    <string name="abc_menu_shift_shortcut_label">Shift+</string>
    <string name="abc_menu_space_shortcut_label">space</string>
    <string name="abc_menu_sym_shortcut_label">Sym+</string>
    <string name="abc_prepend_shortcut_label">Menu+</string>
    <string name="abc_search_hint">Search…</string>
    <string name="abc_searchview_description_clear">Clear query</string>
    <string name="abc_searchview_description_query">Search query</string>
    <string name="abc_searchview_description_search">Search</string>
    <string name="abc_searchview_description_submit">Submit query</string>
    <string name="abc_searchview_description_voice">Voice search</string>
    <string name="abc_shareactionprovider_share_with">Share with</string>
    <string name="abc_shareactionprovider_share_with_application">Share with %s</string>
    <string name="abc_toolbar_collapse_description">Collapse</string>
    <string name="abort_operation">Termination operation</string>
    <string name="about_title">About</string>
    <string name="app_chooser_search_hint">Enter the application name/package name to search</string>
    <string name="app_name">Tool-Tree</string>
    <string name="appbar_scrolling_view_behavior">com.google.android.material.appbar.AppBarLayout$ScrollingViewBehavior</string>
    <string name="appliction_author">Great tools</string>
    <string name="appliction_desc">Lots of utilities on the phone</string>
    <string name="appliction_name">[•-•]</string>
    <string name="author_name">Kakathic</string>
    <string name="bottom_sheet_behavior">com.google.android.material.bottomsheet.BottomSheetBehavior</string>
    <string name="btn_cancel">Cancel</string>
    <string name="btn_confirm">Sure</string>
    <string name="btn_copy_output">Copy</string>
    <string name="btn_execute">Implement</string>
    <string name="btn_exit">Quit</string>
    <string name="btn_hide">Hide</string>
    <string name="btn_retry">Try again</string>
    <string name="btn_skip">Jump over</string>
    <string name="character_counter_content_description">Characters entered %1$d of %2$d</string>
    <string name="character_counter_overflowed_content_description">Character limit exceeded %1$d of %2$d</string>
    <string name="character_counter_pattern">%1$d/%2$d</string>
    <string name="chip_text">Chip text</string>
    <string name="clear_text_end_icon_content_description">Clear text</string>
    <string name="copy_fail">Copy failed</string>
    <string name="copy_success">Copy successfully</string>
    <string name="do_not_empty">empty</string>
    <string name="engine_version_name">Developing this project</string>
    <string name="error_icon_content_description">Error</string>
    <string name="error_root">Failed to obtain ROOT authorization. If your phone is already ROOT, please select Allow when the dialog box pops up by the authorization manager!</string>
    <string name="error_su_timeout">Waiting for the ROOT authorization to time out, please check whether the authorization manager is running in the background!</string>
    <string name="execute_fail">Execution failed</string>
    <string name="execute_success">Execution successfully</string>
    <string name="execute_wait">Execution is underway, please wait...</string>
    <string name="exposed_dropdown_menu_content_description">Show dropdown menu</string>
    <string name="fab_transformation_scrim_behavior">com.google.android.material.transformation.FabTransformationScrimBehavior</string>
    <string name="fab_transformation_sheet_behavior">com.google.android.material.transformation.FabTransformationSheetBehavior</string>
    <string name="float_monitor_tips">Double-click the floating window to close, or hold down to adjust the position</string>
    <string name="help_title">Instructions</string>
    <string name="hide_bottom_view_on_scroll_behavior">com.google.android.material.behavior.HideBottomViewOnScrollBehavior</string>
    <string name="icon_content_description">Dialog Icon</string>
    <string name="item_chooser_search_hint">Search for optional items</string>
    <string name="item_view_role_description">Tab</string>
    <string name="kr_auto_run_item_losted">The specified item has been lost</string>
    <string name="kr_bg_task_start">The background task starts running</string>
    <string name="kr_bg_task_start_desc">You can view task operation progress and logs through the system's notification center</string>
    <string name="kr_color_picker">Please select a color</string>
    <string name="kr_download_completed">File download successfully</string>
    <string name="kr_download_confirm">Whether to download the file</string>
    <string name="kr_download_create_fail">Failed to create a download task</string>
    <string name="kr_download_create_success">Start downloading files</string>
    <string name="kr_download_downloading">File downloading</string>
    <string name="kr_hidden_task_running">The hand speed is too fast, the last operation has not been completed yet!</string>
    <string name="kr_invalid_color">The entered color value is invalid, only formats similar to #ff88aa00 are supported</string>
    <string name="kr_lock_message">This feature has been locked</string>
    <string name="kr_page_after_load">Configuration parsing is completed</string>
    <string name="kr_page_before_load">Prepare the parsing configuration</string>
    <string name="kr_page_load_fail">Page loading failed</string>
    <string name="kr_page_load_success">Page loading successfully</string>
    <string name="kr_page_loading">Resolving configuration</string>
    <string name="kr_page_sh_file_permission">The specified configuration file does not exist or has no read permissions</string>
    <string name="kr_page_sh_invalid">Invalid page configuration output</string>
    <string name="kr_param_load">Get status </string>
    <string name="kr_param_options_load">Load candidate list </string>
    <string name="kr_params_render">Rendering interface...</string>
    <string name="kr_please_choose_app">Please select an application</string>
    <string name="kr_please_choose_file">Please select a file</string>
    <string name="kr_please_choose_folder">Please select a directory</string>
    <string name="kr_please_input_color">Please enter color</string>
    <string name="kr_please_select">Please select</string>
    <string name="kr_script_config">kr-script.conf</string>
    <string name="kr_script_task_finished">Mission ends</string>
    <string name="kr_script_task_has_error">An error occurred</string>
    <string name="kr_script_task_notification">Background task notification</string>
    <string name="kr_script_task_running">Start running</string>
    <string name="kr_sdk_discrepancy">System version does not match</string>
    <string name="kr_sdk_discrepancy_message">This function only runs on SDK%d systems</string>
    <string name="kr_sdk_message">This function only runs on SDK %d ~ %d systems</string>
    <string name="kr_sdk_overtop">System version too high</string>
    <string name="kr_sdk_too_low">System version is too low</string>
    <string name="kr_shell_completed">
[ Process completed - press Quit ]</string>
    <string name="kr_shell_finish_error">The run ends, but an error occurs</string>
    <string name="kr_shortcut_create">Add shortcuts</string>
    <string name="kr_shortcut_create_desc">Do you want to add "%s" to your desktop for quick use?

Remember to enable the permission to create home screen shortcuts before performing this action.</string>
    <string name="kr_shortcut_create_fail">Shortcut creation failed</string>
    <string name="kr_shortcut_create_success">Sent Create Shortcut Request</string>
    <string name="kr_slice_activity_fail">Unable to open the event ~</string>
    <string name="kr_slice_script_result">Script output content</string>
    <string name="kr_ushortcut_nsupported">This feature does not support adding shortcuts</string>
    <string name="kr_write_external_storage">Read and write external storage permissions are required!</string>
    <string name="material_slider_range_end">Range end,</string>
    <string name="material_slider_range_start">Range start,</string>
    <string name="monitor_cache_cleared">Recycled RAM for cache</string>
    <string name="monitor_core_count">%d core</string>
    <string name="monitor_laod">Load: %d%%</string>
    <string name="monitor_ram_cleared">RAM fragments have been sorted out</string>
    <string name="mtrl_badge_numberless_content_description">New notification</string>
    <string name="mtrl_chip_close_icon_content_description">Remove %1$s</string>
    <string name="mtrl_exceed_max_badge_number_content_description">More than %1$d new notifications</string>
    <string name="mtrl_exceed_max_badge_number_suffix">%1$d%2$s</string>
    <string name="mtrl_picker_a11y_next_month">Change to next month</string>
    <string name="mtrl_picker_a11y_prev_month">Change to previous month</string>
    <string name="mtrl_picker_announce_current_selection">Current selection: %1$s</string>
    <string name="mtrl_picker_cancel">@android:string/cancel</string>
    <string name="mtrl_picker_confirm">@android:string/ok</string>
    <string name="mtrl_picker_date_header_selected">%1$s</string>
    <string name="mtrl_picker_date_header_title">Select a Date</string>
    <string name="mtrl_picker_date_header_unselected">Selected date</string>
    <string name="mtrl_picker_day_of_week_column_header">Column of days: %1$s</string>
    <string name="mtrl_picker_invalid_format">Invalid format</string>
    <string name="mtrl_picker_invalid_format_example">Example: %1$s</string>
    <string name="mtrl_picker_invalid_format_use">Use: %1$s</string>
    <string name="mtrl_picker_invalid_range">Invalid range</string>
    <string name="mtrl_picker_navigate_to_year_description">Navigate to year %1$s</string>
    <string name="mtrl_picker_out_of_range">Out of range: %1$s</string>
    <string name="mtrl_picker_range_header_only_end_selected">Start date – %1$s</string>
    <string name="mtrl_picker_range_header_only_start_selected">%1$s – End date</string>
    <string name="mtrl_picker_range_header_selected">%1$s – %2$s</string>
    <string name="mtrl_picker_range_header_title">Select a Date Range</string>
    <string name="mtrl_picker_range_header_unselected">Start date – End date</string>
    <string name="mtrl_picker_save">Save</string>
    <string name="mtrl_picker_text_input_date_hint">Date</string>
    <string name="mtrl_picker_text_input_date_range_end_hint">End date</string>
    <string name="mtrl_picker_text_input_date_range_start_hint">Start date</string>
    <string name="mtrl_picker_text_input_day_abbr">d</string>
    <string name="mtrl_picker_text_input_month_abbr">m</string>
    <string name="mtrl_picker_text_input_year_abbr">y</string>
    <string name="mtrl_picker_toggle_to_calendar_input_mode">Switch to calendar input mode</string>
    <string name="mtrl_picker_toggle_to_day_selection">Tap to switch to selecting a day</string>
    <string name="mtrl_picker_toggle_to_text_input_mode">Switch to text input mode</string>
    <string name="mtrl_picker_toggle_to_year_selection">Tap to switch to selecting a year</string>
    <string name="onloading">Installing data</string>
    <string name="password_toggle_content_description">Show password</string>
    <string name="path_password_eye">M12,4.5C7,4.5 2.73,7.61 1,12c1.73,4.39 6,7.5 11,7.5s9.27,-3.11 11,-7.5c-1.73,-4.39 -6,-7.5 -11,-7.5zM12,17c-2.76,0 -5,-2.24 -5,-5s2.24,-5 5,-5 5,2.24 5,5 -2.24,5 -5,5zM12,9c-1.66,0 -3,1.34 -3,3s1.34,3 3,3 3,-1.34 3,-3 -1.34,-3 -3,-3z</string>
    <string name="path_password_eye_mask_strike_through">M2,4.27 L19.73,22 L22.27,19.46 L4.54,1.73 L4.54,1 L23,1 L23,23 L1,23 L1,4.27 Z</string>
    <string name="path_password_eye_mask_visible">M2,4.27 L2,4.27 L4.54,1.73 L4.54,1.73 L4.54,1 L23,1 L23,23 L1,23 L1,4.27 Z</string>
    <string name="path_password_strike_through">M3.27,4.27 L19.74,20.74</string>
    <string name="permission_float">Please authorize the display of floating window permissions!</string>
    <string name="picker_not_item">No options available yet!</string>
    <string name="picker_select_none">None of them were selected!</string>
    <string name="pio_permission_checking">Check and get the required permissions...</string>
    <string name="pio_starting">~•-•~</string>
    <string name="please_wait">Please wait</string>
    <string name="pop_before_start">Preparing to launch the application...</string>
    <string name="pop_started">Startup is complete!</string>
    <string name="power_emergency_cmd">sync;reboot edl;</string>
    <string name="power_fastboot_cmd">sync;reboot bootloader;</string>
    <string name="power_hot_reboot_cmd">sync;am restart || busybox killall system_server;</string>
    <string name="power_reboot_cmd">sync;svc power reboot || reboot;</string>
    <string name="power_recovery_cmd">sync;reboot recovery;</string>
    <string name="power_shutdown_cmd">sync;svc power shutdown || reboot -p;</string>
    <string name="script_losted">Script resources are lost</string>
    <string name="search_menu_title">Search</string>
    <string name="select_all">Select all</string>
    <string name="shell_executor">Script executor</string>
    <string name="status_bar_notification_info_overflow">999+</string>
    <string name="tab_favorites">Favorites</string>
    <string name="tab_home">Front page</string>
    <string name="tab_pages">Utilities</string>
    <string name="title_activity_action_page">Functional pagination</string>
    <string name="title_activity_file_selector">Please select a file </string>
    <string name="title_activity_folder_selector">Please hold on to select the directory</string>
    <string name="transparent_ui">Transparent interface</string>
    <string name="confirm_message">Reminder Message</string>
    <string name="confirm_title">Reminder content</string>
    <string name="zpower1">Shutdown</string>
    <string name="zpower3">Restart</string>
    <string name="zpower5">Quick Reboot</string>
    <string name="zpower7">Recovery</string>
    <string name="zpower9">Fastboot</string>
    <string name="zpower11">9008 (EDL)</string>
    <string name="zpower">Select action power </string>
    <string name="selector_item">Do you want to choose ?</string>
    <string name="wakelock1">WakeLock is running in the background</string>
</resources>