<?xml version='1.0' encoding='utf-8' ?>
<resources>
    <string name="abc_action_bar_home_description">Điều hướng về nhà</string>
    <string name="abc_action_bar_up_description">Điều hướng lên</string>
    <string name="abc_action_menu_overflow_description">Nhiều lựa chọn hơn</string>
    <string name="abc_action_mode_done">Xong</string>
    <string name="abc_activity_chooser_view_see_all">Xem tất cả</string>
    <string name="abc_activitychooserview_choose_application">Chọn một ứng dụng</string>
    <string name="abc_capital_off">TẮT</string>
    <string name="abc_capital_on">BẬT</string>
    <string name="abc_menu_alt_shortcut_label">Alt+</string>
    <string name="abc_menu_ctrl_shortcut_label">Ctrl+</string>
    <string name="abc_menu_delete_shortcut_label">delete</string>
    <string name="abc_menu_enter_shortcut_label">enter</string>
    <string name="abc_menu_function_shortcut_label">Function+</string>
    <string name="abc_menu_meta_shortcut_label">Meta+</string>
    <string name="abc_menu_shift_shortcut_label">Shift+</string>
    <string name="abc_menu_space_shortcut_label">space</string>
    <string name="abc_menu_sym_shortcut_label">Sym+</string>
    <string name="abc_prepend_shortcut_label">Menu+</string>
    <string name="abc_search_hint">Tìm kiếm…</string>
    <string name="abc_searchview_description_clear">Truy vấn rõ ràng</string>
    <string name="abc_searchview_description_query">Truy vấn tìm kiếm</string>
    <string name="abc_searchview_description_search">Tìm kiếm</string>
    <string name="abc_searchview_description_submit">Gửi truy vấn</string>
    <string name="abc_searchview_description_voice">Tìm kiếm bằng giọng nói</string>
    <string name="abc_shareactionprovider_share_with">Chia sẻ với</string>
    <string name="abc_shareactionprovider_share_with_application">Chia sẻ với %s</string>
    <string name="abc_toolbar_collapse_description">Thu gọn</string>
    <string name="abort_operation">Tạm dừng</string>
    <string name="about_title">Giới thiệu</string>
    <string name="app_chooser_search_hint">Nhập tên ứng dụng, tên gói để tìm kiếm</string>
    <string name="appliction_author">Công cụ tuyệt vời</string>
    <string name="appliction_desc">Rất nhiều tiện ích trên điện thoại</string>
    <string name="btn_cancel">Hủy bỏ</string>
    <string name="btn_confirm">OK</string>
    <string name="btn_copy_output">Sao chép</string>
    <string name="btn_execute">Thực hiện</string>
    <string name="btn_exit">Thoát</string>
    <string name="btn_hide">Ẩn</string>
    <string name="btn_retry">Hãy thử lại</string>
    <string name="btn_skip">Bỏ qua</string>
    <string name="character_counter_content_description">Ký tự đã nhập %1$d trong tổng số %2$d</string>
    <string name="character_counter_overflowed_content_description">Giới hạn ký tự vượt quá %1$d trong tổng số %2$d</string>
    <string name="chip_text">Văn bản chip</string>
    <string name="clear_text_end_icon_content_description">Văn bản rõ ràng</string>
    <string name="copy_fail">Sao chép không thành công</string>
    <string name="copy_success">Sao chép thành công</string>
    <string name="do_not_empty">trống</string>
    <string name="engine_version_name">Đang phát triển ứng dụng</string>
    <string name="error_icon_content_description">Lỗi</string>
    <string name="error_root">Không nhận được ủy quyền gốc. Nếu điện thoại của bạn đã là root, vui lòng chọn Cho phép khi hộp thoại bật lên bởi Trình quản lý ủy quyền!</string>
    <string name="error_su_timeout">Đang chờ ủy quyền gốc để hết thời gian, vui lòng kiểm tra xem người quản lý ủy quyền có đang chạy trong nền không!</string>
    <string name="execute_fail">Thực thi không thành công</string>
    <string name="execute_success">Thực hiện thành công</string>
    <string name="execute_wait">Việc thực hiện đang được tiến hành, vui lòng đợi...</string>
    <string name="exposed_dropdown_menu_content_description">Hiển thị menu thả xuống</string>
    <string name="float_monitor_tips">Bấm đúp vào cửa sổ nổi để đóng hoặc giữ để điều chỉnh vị trí</string>
    <string name="help_title">Hướng dẫn</string>
    <string name="icon_content_description">Biểu tượng hộp thoại</string>
    <string name="item_chooser_search_hint">Tìm kiếm các mục tùy chọn</string>
    <string name="item_view_role_description">Tab</string>
    <string name="kr_auto_run_item_losted">Mục được chỉ định đã bị mất</string>
    <string name="kr_bg_task_start">Nhiệm vụ nền bắt đầu chạy</string>
    <string name="kr_bg_task_start_desc">Bạn có thể xem tiến trình vận hành nhiệm vụ và nhật ký thông qua Trung tâm thông báo của hệ thống</string>
    <string name="kr_color_picker">Vui lòng chọn màu</string>
    <string name="kr_download_completed">Tải xuống tập tin thành công</string>
    <string name="kr_download_confirm">Có tải xuống tệp không</string>
    <string name="kr_download_create_fail">Không tạo được một tác vụ tải xuống</string>
    <string name="kr_download_create_success">Bắt đầu tải xuống các tập tin</string>
    <string name="kr_download_downloading">Tải xuống tập tin</string>
    <string name="kr_hidden_task_running">Tốc độ tay quá nhanh, hoạt động cuối cùng chưa được hoàn thành!</string>
    <string name="kr_invalid_color">Giá trị màu đã nhập không hợp lệ, chỉ các định dạng tương tự như #FF88AA00 được hỗ trợ</string>
    <string name="kr_lock_message">Tính năng này đã bị khóa</string>
    <string name="kr_page_after_load">Phân tích cấu hình được hoàn thành</string>
    <string name="kr_page_before_load">Chuẩn bị cấu hình phân tích cú pháp</string>
    <string name="kr_page_load_fail">Tải trang không thành công</string>
    <string name="kr_page_load_success">Tải trang thành công</string>
    <string name="kr_page_loading">Giải quyết cấu hình</string>
    <string name="kr_page_sh_file_permission">Tệp cấu hình được chỉ định không tồn tại hoặc không có quyền đọc</string>
    <string name="kr_page_sh_invalid">Đầu ra cấu hình trang không hợp lệ</string>
    <string name="kr_param_load">Nhận trạng thái </string>
    <string name="kr_param_options_load">Tải danh sách </string>
    <string name="kr_params_render">Giao diện kết xuất...</string>
    <string name="kr_please_choose_app">Chọn ứng dụng</string>
    <string name="kr_please_choose_file">Chọn một tệp</string>
    <string name="kr_please_choose_folder">Chọn một thư mục</string>
    <string name="kr_please_input_color">Vui lòng nhập màu</string>
    <string name="kr_please_select">Vui lòng chọn</string>
    <string name="kr_script_task_finished">Nhiệm vụ kết thúc</string>
    <string name="kr_script_task_has_error">Một lỗi đã xảy ra</string>
    <string name="kr_script_task_notification">Thông báo nhiệm vụ nền</string>
    <string name="kr_script_task_running">Bắt đầu chạy</string>
    <string name="kr_sdk_discrepancy">Phiên bản hệ thống không khớp</string>
    <string name="kr_sdk_discrepancy_message">Chức năng này chỉ chạy trên hệ thống SDK%d</string>
    <string name="kr_sdk_message">Chức năng này chỉ chạy trên hệ thống SDK %d ~ %d</string>
    <string name="kr_sdk_overtop">Phiên bản hệ thống quá cao</string>
    <string name="kr_sdk_too_low">Phiên bản hệ thống quá thấp</string>
    <string name="kr_shell_completed">
[ Quá trình hoàn thành - nhấn Thoát ]</string>
    <string name="kr_shell_finish_error">Việc chạy kết thúc, nhưng xảy ra lỗi</string>
    <string name="kr_shortcut_create">Thêm phím tắt</string>
    <string name="kr_shortcut_create_desc">Bạn có muốn thêm "%s" vào màn hình chính của mình để sử dụng nhanh không?

Hãy nhớ bật quyền cho phép tạo lối tắt màn hình chính trước khi thực hiện hành động này.</string>
    <string name="kr_shortcut_create_fail">Tạo phím tắt không thành công</string>
    <string name="kr_shortcut_create_success">Đã gửi Tạo yêu cầu phím tắt</string>
    <string name="kr_slice_activity_fail">Không thể mở sự kiện ~</string>
    <string name="kr_slice_script_result">Nội dung đầu ra tập lệnh</string>
    <string name="kr_ushortcut_nsupported">Tính năng này không hỗ trợ thêm phím tắt</string>
    <string name="kr_write_external_storage">Đọc và viết quyền lưu trữ bên ngoài là bắt buộc!</string>
    <string name="material_slider_range_end">Phạm vi kết thúc,</string>
    <string name="material_slider_range_start">Bắt đầu phạm vi,</string>
    <string name="monitor_cache_cleared">RAM được tái chế cho bộ nhớ cache</string>
    <string name="monitor_laod">Tải: %d%%</string>
    <string name="monitor_ram_cleared">Các mảnh RAM đã được sắp xếp</string>
    <string name="mtrl_badge_numberless_content_description">Thông báo mới</string>
    <string name="mtrl_chip_close_icon_content_description">Xóa %1$s</string>
    <string name="mtrl_exceed_max_badge_number_content_description">Hơn %1$d thông báo mới</string>
    <string name="mtrl_picker_a11y_next_month">Thay đổi thành tháng sau</string>
    <string name="mtrl_picker_a11y_prev_month">Thay đổi thành tháng trước</string>
    <string name="mtrl_picker_announce_current_selection">Lựa chọn hiện tại: %1$s</string>
    <string name="mtrl_picker_date_header_title">Chọn một ngày</string>
    <string name="mtrl_picker_date_header_unselected">Ngày chọn</string>
    <string name="mtrl_picker_day_of_week_column_header">Cột ngày: %1$s</string>
    <string name="mtrl_picker_invalid_format">Định dạng không hợp lệ.</string>
    <string name="mtrl_picker_invalid_format_example">Ví dụ: %1$s</string>
    <string name="mtrl_picker_invalid_format_use">Sử dụng: %1$s</string>
    <string name="mtrl_picker_invalid_range">Phạm vi không hợp lệ.</string>
    <string name="mtrl_picker_navigate_to_year_description">Điều hướng đến năm %1$s</string>
    <string name="mtrl_picker_out_of_range">Ngoài phạm vi: %1$s</string>
    <string name="mtrl_picker_range_header_only_end_selected">Ngày bắt đầu – %1$s</string>
    <string name="mtrl_picker_range_header_only_start_selected">%1$s – Ngày kết thúc</string>
    <string name="mtrl_picker_range_header_title">Chọn một phạm vi ngày</string>
    <string name="mtrl_picker_range_header_unselected">Ngày bắt đầu - Ngày kết thúc</string>
    <string name="mtrl_picker_save">Lưu lại</string>
    <string name="mtrl_picker_text_input_date_hint">Ngày</string>
    <string name="mtrl_picker_text_input_date_range_end_hint">Ngày kết thúc</string>
    <string name="mtrl_picker_text_input_date_range_start_hint">Ngày bắt đầu</string>
    <string name="mtrl_picker_toggle_to_calendar_input_mode">Chuyển sang chế độ đầu vào lịch</string>
    <string name="mtrl_picker_toggle_to_day_selection">Nhấn để chuyển sang chọn một ngày</string>
    <string name="mtrl_picker_toggle_to_text_input_mode">Chuyển sang chế độ đầu vào văn bản</string>
    <string name="mtrl_picker_toggle_to_year_selection">Nhấn để chuyển sang chọn một năm</string>
    <string name="onloading">Đang cài dữ liệu</string>
    <string name="password_toggle_content_description">Hiển thị mật khẩu</string>
    <string name="permission_float">Vui lòng cho phép hiển thị các quyền cửa sổ nổi!</string>
    <string name="picker_not_item">Chưa có tùy chọn nào có sẵn!</string>
    <string name="picker_select_none">Không ai trong số họ được chọn!</string>
    <string name="pio_permission_checking">Kiểm tra và nhận các quyền bắt buộc...</string>
    <string name="please_wait">Vui lòng chờ</string>
    <string name="pop_before_start">Chuẩn bị khởi chạy ứng dụng...</string>
    <string name="pop_started">Khởi động hoàn thành</string>
    <string name="script_losted">Tài nguyên kịch bản bị mất</string>
    <string name="search_menu_title">Tìm kiếm</string>
    <string name="select_all">Chọn tất cả</string>
    <string name="shell_executor">Tập lệnh thực thi</string>
    <string name="tab_favorites">Yêu thích</string>
    <string name="tab_home">Trang nhất</string>
    <string name="tab_pages">Tiện ích</string>
    <string name="title_activity_action_page">Trang hành động hoạt động</string>
    <string name="title_activity_file_selector">Vui lòng chọn một tệp </string>
    <string name="title_activity_folder_selector">Vui lòng giữ để chọn thư mục</string>
    <string name="transparent_ui">Trong suốt</string>
    <string name="zpower1">Tắt nguồn</string>
    <string name="zpower3">Khởi động lại</string>
    <string name="zpower5">Khởi động lại (services)</string>
    <string name="zpower7">Chế độ Recovery</string>
    <string name="zpower9">Chế độ Fastboot</string>
    <string name="zpower11">Chế độ 9008 (EDL)</string>
    <string name="zpower">Chọn hành động</string>
    <string name="selector_item">Bạn có muốn chọn ?</string>
    <string name="wakelock1">WakeLock đang hoạt động trong nền</string>
</resources>